{"kubernetes": [[33.99449157714844, -117.81831359863281, 2], [40.52470016479492, -74.38059997558594, 1], [40.7589111328125, -73.97901916503906, 2], [42.273170471191406, -83.71417999267578, 1], [25.762859344482422, -80.31195831298828, 1], [40.7589111328125, -73.97901916503906, 1], [40.52470016479492, -74.38059997558594, 1], [43.70317077636719, -79.51219177246094, 1], [33.798458099365234, -84.3882827758789, 3], [40.7589111328125, -73.97901916503906, 1], [25.762859344482422, -80.31195831298828, 1], [25.762859344482422, -80.31195831298828, 1], [37.330528259277344, -121.83822631835938, 1], [40.7589111328125, -73.97901916503906, 2], [40.7589111328125, -73.97901916503906, 1], [1.3200000524520874, 103.8198013305664, 1], [40.52470016479492, -74.38059997558594, 1], [40.7589111328125, -73.97901916503906, 1], [40.7589111328125, -73.97901916503906, 1], [32.8054313659668, -96.8142318725586, 1], [40.7589111328125, -73.97901916503906, 1], [25.762859344482422, -80.31195831298828, 1], [42.273170471191406, -83.71417999267578, 1]], "etcd": [[39.043701171875, -77.47419738769531, 2], [41.32331848144531, -73.70076751708984, 1], [44.477481842041016, 26.114009857177734, 1], [53.35388946533203, -6.243330001831055, 26], [49.450401306152344, 11.077799797058105, 2], [37.44295883178711, -122.15119934082031, 1], [37.44295883178711, -122.15119934082031, 1], [28.003000259399414, 120.64800262451172, 1], [37.330528259277344, -121.83822631835938, 1], [37.44295883178711, -122.15119934082031, 1], [40.1974983215332, -85.39508819580078, 3], [37.769168853759766, -122.44249725341797, 1], [41.89569854736328, -87.61356353759766, 1], [39.91175842285156, 116.37922668457031, 6], [48.79867935180664, 2.4233200550079346, 1], [37.44295883178711, -122.15119934082031, 1], [59.93904113769531, 30.3157901763916, 1], [48.88140106201172, 2.3364999294281006, 1], [48.88140106201172, 2.3364999294281006, 1], [37.44295883178711, -122.15119934082031, 1]]}