{
  "kubernetes": [
    [
      33.99449157714844,
      -117.81831359863281,
      2
    ],
    [
      40.7589111328125,
      -73.97901916503906,
      2
    ],
    [
      40.7589111328125,
      -73.97901916503906,
      2
    ],
    [
      40.7589111328125,
      -73.97901916503906,
      1
    ],
    [
      25.762859344482422,
      -80.31195831298828,
      1
    ],
    [
      42.273170471191406,
      -83.71417999267578,
      1
    ],
    [
      40.7589111328125,
      -73.97901916503906,
      1
    ],
    [
      40.7589111328125,
      -73.97901916503906,
      1
    ],
    [
      25.762859344482422,
      -80.31195831298828,
      1
    ],
    [
      40.7589111328125,
      -73.97901916503906,
      1
    ],
    [
      40.7589111328125,
      -73.97901916503906,
      1
    ],
    [
      40.7589111328125,
      -73.97901916503906,
      1
    ],
    [
      42.273170471191406,
      -83.71417999267578,
      1
    ],
    [
      37.880001068115234,
      -96.79499816894531,
      1
    ],
    [
      25.762859344482422,
      -80.31195831298828,
      1
    ],
    [
      19.076000213623047,
      72.87770080566406,
      1
    ],
    [
      37.27901840209961,
      -121.9566879272461,
      3
    ],
    [
      32.8054313659668,
      -96.8142318725586,
      1
    ],
    [
      45.83599853515625,
      -119.6989974975586,
      1
    ],
    [
      40.7589111328125,
      -73.97901916503906,
      1
    ],
    [
      32.8054313659668,
      -96.8142318725586,
      1
    ],
    [
      37.96998977661133,
      23.719989776611328,
      1
    ],
    [
      40.7589111328125,
      -73.97901916503906,
      1
    ],
    [
      25.762859344482422,
      -80.31195831298828,
      1
    ]
  ],
  "etcd": [
    [
      53.35388946533203,
      -6.243330001831055,
      27
    ],
    [
      44.477481842041016,
      26.114009857177734,
      1
    ],
    [
      37.44295883178711,
      -122.15119934082031,
      1
    ],
    [
      37.44295883178711,
      -122.15119934082031,
      1
    ],
    [
      37.330528259277344,
      -121.83822631835938,
      1
    ],
    [
      37.44295883178711,
      -122.15119934082031,
      1
    ],
    [
      32.80875015258789,
      -117.13761138916016,
      4
    ],
    [
      37.769168853759766,
      -122.44249725341797,
      1
    ],
    [
      41.89569854736328,
      -87.61356353759766,
      1
    ],
    [
      48.79867935180664,
      2.4233200550079346,
      1
    ],
    [
      39.91175842285156,
      116.37922668457031,
      6
    ],
    [
      37.769168853759766,
      -122.44249725341797,
      1
    ],
    [
      32.80875015258789,
      -117.13761138916016,
      4
    ],
    [
      37.769168853759766,
      -122.44249725341797,
      1
    ],
    [
      49.450401306152344,
      11.077799797058105,
      1
    ]
  ]
}