{"kubernetes": [[25.762859344482422, -80.31195831298828, 1], [40.7589111328125, -73.97901916503906, 1], [25.762859344482422, -80.31195831298828, 1], [37.330528259277344, -121.83822631835938, 1], [25.762859344482422, -80.31195831298828, 1], [42.273170471191406, -83.71417999267578, 1], [43.70317077636719, -79.51219177246094, 1], [40.7589111328125, -73.97901916503906, 3], [40.7589111328125, -73.97901916503906, 1], [25.762859344482422, -80.31195831298828, 1], [40.7589111328125, -73.97901916503906, 1], [40.7589111328125, -73.97901916503906, 2], [42.273170471191406, -83.71417999267578, 1], [37.96998977661133, 23.719989776611328, 1], [33.99449157714844, -117.81831359863281, 2], [40.7589111328125, -73.97901916503906, 1], [32.8054313659668, -96.8142318725586, 1], [40.7589111328125, -73.97901916503906, 1], [25.762859344482422, -80.31195831298828, 1], [1.3200000524520874, 103.8198013305664, 1], [37.96998977661133, 23.719989776611328, 1]], "etcd": [[53.35388946533203, -6.243330001831055, 25], [59.93904113769531, 30.3157901763916, 3], [37.44295883178711, -122.15119934082031, 1], [37.44295883178711, -122.15119934082031, 1], [45.73722839355469, -119.81143188476562, 1], [32.80875015258789, -117.13761138916016, 4], [39.91175842285156, 116.37922668457031, 4], [40.1974983215332, -85.39508819580078, 1], [28.003000259399414, 120.64800262451172, 2], [49.450401306152344, 11.077799797058105, 1], [52.309051513671875, 4.940189838409424, 4], [21.02199935913086, 105.83999633789062, 4]]}