{"kubernetes": [[33.99449157714844, -117.81831359863281, 2], [40.7589111328125, -73.97901916503906, 1], [40.7589111328125, -73.97901916503906, 1], [40.7589111328125, -73.97901916503906, 2], [25.762859344482422, -80.31195831298828, 1], [40.52470016479492, -74.38059997558594, 1], [40.7589111328125, -73.97901916503906, 1], [33.798458099365234, -84.3882827758789, 1], [37.44295883178711, -122.15119934082031, 3], [25.762859344482422, -80.31195831298828, 1], [40.7589111328125, -73.97901916503906, 2], [25.762859344482422, -80.31195831298828, 2], [40.52470016479492, -74.38059997558594, 1], [42.273170471191406, -83.71417999267578, 1], [40.7589111328125, -73.97901916503906, 2], [40.52470016479492, -74.38059997558594, 1], [37.330528259277344, -121.83822631835938, 1], [42.273170471191406, -83.71417999267578, 1], [25.762859344482422, -80.31195831298828, 1], [37.96998977661133, 23.719989776611328, 1]], "etcd": [[34.04563903808594, -118.24163818359375, 5], [53.35388946533203, -6.243330001831055, 32], [44.477481842041016, 26.114009857177734, 1], [49.450401306152344, 11.077799797058105, 2], [37.44295883178711, -122.15119934082031, 1], [37.44295883178711, -122.15119934082031, 1], [37.330528259277344, -121.83822631835938, 1], [37.44295883178711, -122.15119934082031, 1], [40.227821350097656, -85.44273376464844, 1], [59.93904113769531, 30.3157901763916, 2], [59.93904113769531, 30.3157901763916, 4], [39.91175842285156, 116.37922668457031, 6], [41.89569854736328, -87.61356353759766, 1], [37.44295883178711, -122.15119934082031, 1], [52.309051513671875, 4.940189838409424, 4], [48.79867935180664, 2.4233200550079346, 1], [37.44295883178711, -122.15119934082031, 1], [59.315120697021484, 18.051319122314453, 8], [37.769168853759766, -122.44249725341797, 1]]}